replicate,estimate,n_species,n_site,bias
1,11.133,10,5,11.329999999999991
2,17,10,5,70
3,15,10,5,50
4,23.8,10,5,138
5,22.4,10,5,123.99999999999997
6,13.333,10,5,33.330000000000005
7,9,10,5,-10
8,13,10,5,30
9,8.08,10,5,-19.2
10,6.533,10,5,-34.669999999999995
11,15.2,10,5,51.99999999999999
12,6.8,10,5,-32
13,6.6,10,5,-34
14,10.133,10,5,1.3299999999999912
15,9.72,10,5,-2.7999999999999936
16,17,10,5,70
17,15.4,10,5,54
18,8.32,10,5,-16.799999999999997
19,9.133,10,5,-8.670000000000009
20,12,10,5,20
21,8.1,10,5,-19.000000000000004
22,8.4,10,5,-15.999999999999998
23,16.2,10,5,61.999999999999986
24,8.8,10,5,-11.999999999999993
25,8.9,10,5,-10.999999999999996
26,5.8,10,5,-42.00000000000001
27,18,10,5,80
28,6,10,5,-40
29,10.2,10,5,1.9999999999999927
30,12.2,10,5,21.999999999999993
31,31.4,10,5,213.99999999999997
32,10.6,10,5,5.9999999999999964
33,7.8,10,5,-22.000000000000004
34,11.2,10,5,11.999999999999993
35,12,10,5,20
36,9.2,10,5,-8.000000000000007
37,12,10,5,20
38,8.4,10,5,-15.999999999999998
39,13,10,5,30
40,18,10,5,80
41,7.8,10,5,-22.000000000000004
42,7.6,10,5,-24.000000000000004
43,6.8,10,5,-32
44,8.1,10,5,-19.000000000000004
45,11.333,10,5,13.330000000000004
46,13,10,5,30
47,7.533,10,5,-24.669999999999998
48,11.8,10,5,18.000000000000007
49,12.2,10,5,21.999999999999993
50,12.133,10,5,21.32999999999999
51,28.6,10,5,186
52,7.533,10,5,-24.669999999999998
53,11.2,10,5,11.999999999999993
54,8.533,10,5,-14.670000000000005
55,15.2,10,5,51.99999999999999
56,10.133,10,5,1.3299999999999912
57,8.8,10,5,-11.999999999999993
58,7.8,10,5,-22.000000000000004
59,6.8,10,5,-32
60,7.4,10,5,-25.999999999999996
61,11.133,10,5,11.329999999999991
62,8.2,10,5,-18.000000000000007
63,8.08,10,5,-19.2
64,8.72,10,5,-12.799999999999995
65,8.8,10,5,-11.999999999999993
66,14.8,10,5,48.00000000000001
67,8.8,10,5,-11.999999999999993
68,10.6,10,5,5.9999999999999964
69,6.8,10,5,-32
70,9.08,10,5,-9.2
71,10.2,10,5,1.9999999999999927
72,9.2,10,5,-8.000000000000007
73,10.2,10,5,1.9999999999999927
74,6.1,10,5,-39
75,8.9,10,5,-10.999999999999996
76,9.2,10,5,-8.000000000000007
77,7.32,10,5,-26.799999999999997
78,9.133,10,5,-8.670000000000009
79,19,10,5,90
80,21.4,10,5,113.99999999999999
81,8.6,10,5,-14.000000000000004
82,8.9,10,5,-10.999999999999996
83,11.2,10,5,11.999999999999993
84,12.2,10,5,21.999999999999993
85,8.9,10,5,-10.999999999999996
86,8.8,10,5,-11.999999999999993
87,22.8,10,5,128
88,23.4,10,5,134
89,14,10,5,40
90,9.72,10,5,-2.7999999999999936
91,9.6,10,5,-4.0000000000000036
92,16.2,10,5,61.999999999999986
93,13.4,10,5,34
94,8.8,10,5,-11.999999999999993
95,8.9,10,5,-10.999999999999996
96,11.333,10,5,13.330000000000004
97,13,10,5,30
98,7.9,10,5,-20.999999999999996
99,22.4,10,5,123.99999999999997
100,12.5,10,5,25
1,33.5,40,5,-16.25
2,37.511,40,5,-6.222499999999993
3,38.182,40,5,-4.544999999999995
4,45.96,40,5,14.900000000000002
5,43.127,40,5,7.817500000000006
6,39.182,40,5,-2.0449999999999946
7,34.378,40,5,-14.055000000000001
8,39.711,40,5,-0.7225000000000037
9,39.633,40,5,-0.9174999999999933
10,45.782,40,5,14.45499999999999
11,33.4,40,5,-16.500000000000004
12,37.923,40,5,-5.1924999999999955
13,37.6,40,5,-5.9999999999999964
14,32.723,40,5,-18.192500000000003
15,40.9,40,5,2.2499999999999964
16,36.6,40,5,-8.499999999999996
17,43,40,5,7.5
18,38.309,40,5,-4.227500000000006
19,49.267,40,5,23.167500000000008
20,39.309,40,5,-1.727500000000006
21,43.8,40,5,9.499999999999993
22,43.24,40,5,8.100000000000005
23,44.4,40,5,10.999999999999996
24,37.76,40,5,-5.600000000000005
25,41.633,40,5,4.082500000000007
26,32.225,40,5,-19.437499999999996
27,40.378,40,5,0.9450000000000004
28,43.923,40,5,9.807500000000005
29,38.76,40,5,-3.100000000000005
30,31.4,40,5,-21.500000000000004
31,46.2,40,5,15.500000000000009
32,41.844,40,5,4.610000000000003
33,40,40,5,0
34,60.88,40,5,52.2
35,42.633,40,5,6.582500000000007
36,34.45,40,5,-13.874999999999993
37,40.892,40,5,2.2300000000000075
38,39.24,40,5,-1.899999999999995
39,34.633,40,5,-13.417499999999993
40,43.64,40,5,9.100000000000001
41,37.633,40,5,-5.917499999999993
42,42.707,40,5,6.767500000000001
43,38.127,40,5,-4.682499999999994
44,38.227,40,5,-4.432500000000008
45,39.533,40,5,-1.1674999999999969
46,49.4,40,5,23.499999999999996
47,38.511,40,5,-3.722499999999993
48,33,40,5,-17.5
49,36.84,40,5,-7.8999999999999915
50,45.108,40,5,12.769999999999992
51,36.033,40,5,-9.917499999999997
52,35.127,40,5,-12.182499999999994
53,51.05,40,5,27.624999999999993
54,38.923,40,5,-2.6924999999999955
55,39.182,40,5,-2.0449999999999946
56,41.5,40,5,3.75
57,37.84,40,5,-5.3999999999999915
58,34.4,40,5,-14.000000000000004
59,35.945,40,5,-10.1375
60,37.6,40,5,-5.9999999999999964
61,39.127,40,5,-2.182499999999994
62,44.309,40,5,10.772499999999994
63,48.267,40,5,20.667500000000008
64,35.145,40,5,-12.137499999999992
65,46.314,40,5,15.784999999999998
66,31.906,40,5,-20.235000000000003
67,38.507,40,5,-3.7325000000000053
68,39,40,5,-2.5
69,31.077,40,5,-22.307499999999997
70,32.127,40,5,-19.682499999999994
71,35.333,40,5,-11.667500000000004
72,33.76,40,5,-15.600000000000005
73,40.2,40,5,0.5000000000000071
74,48.267,40,5,20.667500000000008
75,33.723,40,5,-15.692500000000004
76,36.829,40,5,-7.927499999999998
77,39.923,40,5,-0.19249999999999545
78,35.711,40,5,-10.722500000000004
79,36.829,40,5,-7.927499999999998
80,41.844,40,5,4.610000000000003
81,51.267,40,5,28.167500000000008
82,39.533,40,5,-1.1674999999999969
83,33.633,40,5,-15.917499999999993
84,29.333,40,5,-26.667500000000004
85,41.24,40,5,3.100000000000005
86,38.145,40,5,-4.637499999999992
87,34.76,40,5,-13.100000000000007
88,46.629,40,5,16.572499999999994
89,46.8,40,5,16.999999999999993
90,32.4,40,5,-19.000000000000004
91,37.114,40,5,-7.215000000000008
92,31.314,40,5,-21.715
93,39.126,40,5,-2.185000000000006
94,34.077,40,5,-14.807500000000005
95,36,40,5,-10
96,33.45,40,5,-16.374999999999993
97,40.877,40,5,2.192500000000006
98,38.388,40,5,-4.030000000000005
99,45.514,40,5,13.785000000000009
100,32.025,40,5,-19.937500000000004
1,64.473,70,5,-7.895714285714288
2,83.582,70,5,19.402857142857133
3,78.427,70,5,12.038571428571439
4,64.8,70,5,-7.428571428571433
5,71.2,70,5,1.7142857142857182
6,69.126,70,5,-1.2485714285714218
7,70.347,70,5,0.49571428571427745
8,69.615,70,5,-0.5500000000000074
9,63.473,70,5,-9.324285714285715
10,58.219,70,5,-16.83
11,67.757,70,5,-3.2042857142857075
12,65.067,70,5,-7.047142857142867
13,66.906,70,5,-4.419999999999991
14,61.35,70,5,-12.357142857142856
15,63.284,70,5,-9.594285714285716
16,77.153,70,5,10.218571428571437
17,71.58,70,5,2.257142857142855
18,73.422,70,5,4.888571428571424
19,58.018,70,5,-17.117142857142856
20,54.564,70,5,-22.051428571428573
21,76.612,70,5,9.445714285714278
22,81.025,70,5,15.750000000000009
23,75.447,70,5,7.781428571428576
24,72.2,70,5,3.1428571428571472
25,56.273,70,5,-19.609999999999992
26,63.744,70,5,-8.937142857142858
27,66.971,70,5,-4.327142857142851
28,73.153,70,5,4.504285714285722
29,76.019,70,5,8.598571428571436
30,62.756,70,5,-10.348571428571427
31,72.58,70,5,3.6857142857142833
32,73.291,70,5,4.701428571428567
33,71.414,70,5,2.020000000000002
34,75.356,70,5,7.651428571428563
35,68.2,70,5,-2.571428571428567
36,63.618,70,5,-9.117142857142854
37,92,70,5,31.428571428571427
38,69.58,70,5,-0.6000000000000024
39,62.225,70,5,-11.107142857142856
40,74.705,70,5,6.721428571428569
41,67.756,70,5,-3.2057142857142855
42,68.022,70,5,-2.8257142857142776
43,75.505,70,5,7.8642857142857086
44,70.232,70,5,0.33142857142857046
45,66.857,70,5,-4.490000000000001
46,69.5,70,5,-0.7142857142857143
47,64.107,70,5,-8.418571428571429
48,82.569,70,5,17.95571428571429
49,72.022,70,5,2.8885714285714363
50,81.025,70,5,15.750000000000009
51,57.421,70,5,-17.97
52,75.44,70,5,7.771428571428568
53,70.87,70,5,1.2428571428571493
54,59.8,70,5,-14.571428571428577
55,64.017,70,5,-8.547142857142862
56,47.073,70,5,-32.752857142857145
57,79.473,70,5,13.532857142857141
58,69.022,70,5,-1.3971428571428492
59,65.219,70,5,-6.830000000000008
60,80.6,70,5,15.142857142857135
61,73.025,70,5,4.321428571428579
62,64.067,70,5,-8.475714285714297
63,64.5,70,5,-7.857142857142857
64,72.705,70,5,3.8642857142857117
65,71.2,70,5,1.7142857142857182
66,67.16,70,5,-4.057142857142862
67,68.625,70,5,-1.9642857142857142
68,61.4,70,5,-12.285714285714286
69,62.4,70,5,-10.85714285714286
70,76.907,70,5,9.867142857142852
71,59.6,70,5,-14.857142857142854
72,58.6,70,5,-16.285714285714285
73,61.1,70,5,-12.714285714285712
74,61.67,70,5,-11.899999999999999
75,69.137,70,5,-1.2328571428571422
76,61.189,70,5,-12.587142857142858
77,68.232,70,5,-2.5257142857142867
78,71.553,70,5,2.2185714285714244
79,64.067,70,5,-8.475714285714297
80,69.876,70,5,-0.17714285714285033
81,66.6,70,5,-4.857142857142866
82,67.6,70,5,-3.4285714285714364
83,66.107,70,5,-5.561428571428573
84,64.667,70,5,-7.618571428571426
85,64.017,70,5,-8.547142857142862
86,70.417,70,5,0.595714285714288
87,60.793,70,5,-13.152857142857144
88,58.926,70,5,-15.819999999999999
89,67.667,70,5,-3.332857142857141
90,86.8,70,5,23.999999999999996
91,79.743,70,5,13.918571428571422
92,60.076,70,5,-14.177142857142858
93,62.284,70,5,-11.022857142857143
94,63.076,70,5,-9.89142857142857
95,57.564,70,5,-17.765714285714285
96,75.447,70,5,7.781428571428576
97,57.447,70,5,-17.932857142857138
98,62.756,70,5,-10.348571428571427
99,64.3,70,5,-8.142857142857148
100,59.564,70,5,-14.90857142857143
1,99.45,100,5,-0.5499999999999972
2,103.564,100,5,3.563999999999993
3,94.17,100,5,-5.829999999999998
4,104.817,100,5,4.816999999999993
5,83.729,100,5,-16.271
6,91.453,100,5,-8.546999999999997
7,101.897,100,5,1.8970000000000056
8,98.2,100,5,-1.7999999999999972
9,101.112,100,5,1.1119999999999948
10,91.213,100,5,-8.787000000000006
11,103.215,100,5,3.2150000000000034
12,86.809,100,5,-13.191000000000003
13,94.247,100,5,-5.753
14,124.305,100,5,24.305000000000007
15,99.557,100,5,-0.44299999999999784
16,110.446,100,5,10.445999999999998
17,112.618,100,5,12.617999999999995
18,104.336,100,5,4.3359999999999985
19,108.331,100,5,8.331000000000003
20,102.917,100,5,2.9170000000000016
21,83.112,100,5,-16.888000000000005
22,84.253,100,5,-15.747
23,101.112,100,5,1.1119999999999948
24,102.533,100,5,2.5330000000000013
25,92.648,100,5,-7.352000000000005
26,95.213,100,5,-4.787000000000006
27,115.267,100,5,15.266999999999998
28,102.2,100,5,2.200000000000003
29,90.384,100,5,-9.616
30,84.615,100,5,-15.385000000000005
31,106.417,100,5,6.417000000000002
32,113.813,100,5,13.813000000000002
33,101.557,100,5,1.5570000000000022
34,75.432,100,5,-24.567999999999998
35,121.571,100,5,21.570999999999998
36,90.213,100,5,-9.787000000000006
37,92.52,100,5,-7.480000000000003
38,99.2,100,5,-0.7999999999999973
39,123.417,100,5,23.417
40,100.6,100,5,0.5999999999999943
41,92.5,100,5,-7.5
42,89.333,100,5,-10.667000000000002
43,103.4,100,5,3.4000000000000057
44,102.557,100,5,2.557000000000002
45,101.062,100,5,1.0619999999999976
46,102.817,100,5,2.816999999999993
47,93.6,100,5,-6.400000000000006
48,109,100,5,9
49,91.813,100,5,-8.186999999999998
50,110.235,100,5,10.235
51,105.862,100,5,5.861999999999995
52,89.635,100,5,-10.364999999999995
53,91.785,100,5,-8.215000000000003
54,86.017,100,5,-13.983000000000004
55,101.938,100,5,1.9380000000000022
56,107.729,100,5,7.729
57,99.938,100,5,-0.06199999999999761
58,96.736,100,5,-3.2639999999999962
59,109.655,100,5,9.655000000000001
60,91.496,100,5,-8.504000000000005
61,91.8,100,5,-8.200000000000003
62,97.514,100,5,-2.486000000000004
63,108.113,100,5,8.113
64,114.267,100,5,14.266999999999996
65,90.17,100,5,-9.829999999999998
66,89.812,100,5,-10.188000000000002
67,84.96,100,5,-15.040000000000006
68,93.104,100,5,-6.896000000000001
69,94.012,100,5,-5.9879999999999995
70,114.976,100,5,14.976
71,83.533,100,5,-16.467
72,108.104,100,5,8.104
73,106.826,100,5,6.825999999999993
74,88.629,100,5,-11.370999999999995
75,85.194,100,5,-14.805999999999997
76,91.883,100,5,-8.117000000000004
77,100.05,100,5,0.04999999999999716
78,97.514,100,5,-2.486000000000004
79,103.615,100,5,3.6149999999999944
80,92.116,100,5,-7.884
81,102.333,100,5,2.3329999999999984
82,88.065,100,5,-11.935000000000002
83,98.05,100,5,-1.9500000000000028
84,106.896,100,5,6.896000000000001
85,114.356,100,5,14.355999999999995
86,104.704,100,5,4.7039999999999935
87,119.506,100,5,19.506
88,102.247,100,5,2.247
89,95.273,100,5,-4.727000000000004
90,99.665,100,5,-0.33499999999999375
91,93.333,100,5,-6.6670000000000025
92,101.255,100,5,1.2549999999999955
93,91.505,100,5,-8.495000000000005
94,104.6,100,5,4.599999999999994
95,114.073,100,5,14.072999999999993
96,101.062,100,5,1.0619999999999976
97,96.412,100,5,-3.587999999999994
98,89,100,5,-11
99,106.857,100,5,6.856999999999999
100,89.629,100,5,-10.370999999999995
1,8.113,10,10,-18.870000000000005
2,10.113,10,10,1.1299999999999955
3,9.15,10,10,-8.499999999999996
4,10,10,10,0
5,12.6,10,10,25.999999999999996
6,12.6,10,10,25.999999999999996
7,9.113,10,10,-8.870000000000005
8,10.225,10,10,2.2499999999999964
9,10,10,10,0
10,10.9,10,10,9.000000000000004
11,9.113,10,10,-8.870000000000005
12,8,10,10,-20
13,10.45,10,10,4.499999999999993
14,10.113,10,10,1.1299999999999955
15,10,10,10,0
16,10,10,10,0
17,14.05,10,10,40.50000000000001
18,9.225,10,10,-7.750000000000004
19,12.025,10,10,20.250000000000004
20,10.36,10,10,3.5999999999999943
21,10,10,10,0
22,10.225,10,10,2.2499999999999964
23,9.45,10,10,-5.500000000000007
24,14.05,10,10,40.50000000000001
25,9,10,10,-10
26,9.225,10,10,-7.750000000000004
27,10.6,10,10,5.9999999999999964
28,10.6,10,10,5.9999999999999964
29,10,10,10,0
30,10.6,10,10,5.9999999999999964
31,11.35,10,10,13.499999999999995
32,10.15,10,10,1.5000000000000036
33,9.45,10,10,-5.500000000000007
34,13.6,10,10,36
35,10.9,10,10,9.000000000000004
36,10.45,10,10,4.499999999999993
37,10.6,10,10,5.9999999999999964
38,10.6,10,10,5.9999999999999964
39,12.025,10,10,20.250000000000004
40,13.05,10,10,30.500000000000004
41,9.113,10,10,-8.870000000000005
42,10.8,10,10,8.000000000000007
43,10.075,10,10,0.7499999999999929
44,9,10,10,-10
45,21.25,10,10,112.5
46,10.675,10,10,6.750000000000007
47,12.025,10,10,20.250000000000004
48,14.05,10,10,40.50000000000001
49,21.25,10,10,112.5
50,10.113,10,10,1.1299999999999955
51,9,10,10,-10
52,10.8,10,10,8.000000000000007
53,10.9,10,10,9.000000000000004
54,8.113,10,10,-18.870000000000005
55,20.25,10,10,102.49999999999999
56,9.225,10,10,-7.750000000000004
57,10,10,10,0
58,14.05,10,10,40.50000000000001
59,11.35,10,10,13.499999999999995
60,10.6,10,10,5.9999999999999964
61,12.025,10,10,20.250000000000004
62,10,10,10,0
63,13.05,10,10,30.500000000000004
64,10.113,10,10,1.1299999999999955
65,10.7,10,10,6.999999999999992
66,9,10,10,-10
67,10.36,10,10,3.5999999999999943
68,10.113,10,10,1.1299999999999955
69,13.05,10,10,30.500000000000004
70,9.8,10,10,-1.9999999999999927
71,9.113,10,10,-8.870000000000005
72,10.9,10,10,9.000000000000004
73,10.6,10,10,5.9999999999999964
74,10.45,10,10,4.499999999999993
75,14.05,10,10,40.50000000000001
76,9,10,10,-10
77,23.5,10,10,135
78,13.05,10,10,30.500000000000004
79,9.113,10,10,-8.870000000000005
80,10.9,10,10,9.000000000000004
81,12.4,10,10,24.000000000000004
82,10,10,10,0
83,10.6,10,10,5.9999999999999964
84,11.8,10,10,18.000000000000007
85,7,10,10,-30
86,9.45,10,10,-5.500000000000007
87,9.09,10,10,-9.100000000000001
88,12.025,10,10,20.250000000000004
89,10.225,10,10,2.2499999999999964
90,7.9,10,10,-20.999999999999996
91,10.025,10,10,0.25000000000000355
92,9,10,10,-10
93,12.4,10,10,24.000000000000004
94,9,10,10,-10
95,8.9,10,10,-10.999999999999996
96,10.45,10,10,4.499999999999993
97,13.05,10,10,30.500000000000004
98,12.7,10,10,26.99999999999999
99,10.8,10,10,8.000000000000007
100,10.9,10,10,9.000000000000004
1,42.005,40,10,5.012500000000006
2,38.607,40,10,-3.4825000000000017
3,39.556,40,10,-1.1100000000000065
4,40.837,40,10,2.0925000000000082
5,36.72,40,10,-8.200000000000003
6,39.6,40,10,-0.9999999999999963
7,39.4,40,10,-1.5000000000000036
8,43.207,40,10,8.017500000000002
9,38.938,40,10,-2.654999999999994
10,35.938,40,10,-10.154999999999994
11,38.8,40,10,-3.000000000000007
12,40.005,40,10,0.012500000000006395
13,40.314,40,10,0.7850000000000001
14,40.125,40,10,0.3125
15,39.15,40,10,-2.1250000000000036
16,36.62,40,10,-8.450000000000006
17,40.8,40,10,1.9999999999999927
18,39.88,40,10,-0.2999999999999936
19,45.605,40,10,14.012499999999992
20,39.25,40,10,-1.875
21,40.473,40,10,1.1824999999999974
22,45.35,40,10,13.375000000000004
23,37.18,40,10,-7.050000000000001
24,42.2,40,10,5.500000000000007
25,40.655,40,10,1.6375000000000028
26,39.506,40,10,-1.2349999999999994
27,40.406,40,10,1.014999999999997
28,40.618,40,10,1.5450000000000053
29,38.938,40,10,-2.654999999999994
30,40.025,40,10,0.06249999999999645
31,41.45,40,10,3.6250000000000075
32,40.8,40,10,1.9999999999999927
33,37.554,40,10,-6.114999999999995
34,41.314,40,10,3.2850000000000006
35,43.445,40,10,8.6125
36,38.875,40,10,-2.8125
37,40.75,40,10,1.875
38,39.607,40,10,-0.9825000000000018
39,37.837,40,10,-5.407499999999992
40,37.75,40,10,-5.625
41,39.865,40,10,-0.337499999999995
42,41.45,40,10,3.6250000000000075
43,41.025,40,10,2.5624999999999964
44,36.45,40,10,-8.874999999999993
45,42.2,40,10,5.500000000000007
46,42.756,40,10,6.890000000000001
47,39.8,40,10,-0.5000000000000071
48,36.6,40,10,-8.499999999999996
49,34.106,40,10,-14.734999999999996
50,39.865,40,10,-0.337499999999995
51,37.938,40,10,-5.154999999999994
52,47.25,40,10,18.125
53,41.556,40,10,3.8899999999999935
54,43.8,40,10,9.499999999999993
55,43.038,40,10,7.594999999999992
56,36.368,40,10,-9.079999999999995
57,44.05,40,10,10.124999999999993
58,42.76,40,10,6.899999999999995
59,49.8,40,10,24.499999999999993
60,38.514,40,10,-3.7149999999999928
61,41.114,40,10,2.784999999999993
62,41.114,40,10,2.784999999999993
63,42.05,40,10,5.124999999999993
64,35.253,40,10,-11.8675
65,42.2,40,10,5.500000000000007
66,46.48,40,10,16.199999999999992
67,38.314,40,10,-4.215
68,38.514,40,10,-3.7149999999999928
69,39.25,40,10,-1.875
70,37.45,40,10,-6.374999999999993
71,43.05,40,10,7.624999999999993
72,38.875,40,10,-2.8125
73,46.112,40,10,15.280000000000005
74,43,40,10,7.5
75,39.575,40,10,-1.062499999999993
76,38.25,40,10,-4.375
77,40.45,40,10,1.125000000000007
78,38.6,40,10,-3.499999999999996
79,40.005,40,10,0.012500000000006395
80,40.005,40,10,0.012500000000006395
81,45,40,10,12.5
82,38.6,40,10,-3.499999999999996
83,35.8,40,10,-10.500000000000007
84,40.114,40,10,0.28499999999999304
85,43.8,40,10,9.499999999999993
86,41.114,40,10,2.784999999999993
87,39.696,40,10,-0.7600000000000051
88,37.837,40,10,-5.407499999999992
89,39.005,40,10,-2.4874999999999936
90,43.2,40,10,8.000000000000007
91,46.257,40,10,15.642499999999995
92,38.607,40,10,-3.4825000000000017
93,39.125,40,10,-2.1875
94,40.88,40,10,2.2000000000000064
95,37.938,40,10,-5.154999999999994
96,39.45,40,10,-1.374999999999993
97,40.038,40,10,0.09499999999999176
98,41.114,40,10,2.784999999999993
99,44.29,40,10,10.724999999999998
100,44.207,40,10,10.517500000000002
1,75.776,70,10,8.251428571428567
2,69.25,70,10,-1.0714285714285714
3,67.866,70,10,-3.048571428571429
4,68.812,70,10,-1.6971428571428606
5,67.914,70,10,-2.9799999999999978
6,67.143,70,10,-4.081428571428571
7,66.278,70,10,-5.317142857142849
8,70.225,70,10,0.3214285714285633
9,67.43,70,10,-3.6714285714285615
10,66.722,70,10,-4.682857142857151
11,67.853,70,10,-3.067142857142865
12,70.753,70,10,1.0757142857142858
13,75.576,70,10,7.9657142857142755
14,70.328,70,10,0.46857142857143275
15,71.95,70,10,2.7857142857142896
16,64.252,70,10,-8.211428571428577
17,68.6,70,10,-2.000000000000008
18,66.25,70,10,-5.357142857142857
19,69.225,70,10,-1.1071428571428652
20,67.502,70,10,-3.5685714285714356
21,73.474,70,10,4.962857142857148
22,72.88,70,10,4.114285714285708
23,65.462,70,10,-6.482857142857139
24,72.24,70,10,3.1999999999999926
25,69.225,70,10,-1.1071428571428652
26,68.802,70,10,-1.711428571428562
27,75.35,70,10,7.642857142857134
28,67.703,70,10,-3.281428571428567
29,67.25,70,10,-3.9285714285714284
30,67.736,70,10,-3.234285714285708
31,72.062,70,10,2.9457142857142826
32,65.278,70,10,-6.745714285714277
33,75.1,70,10,7.285714285714278
34,71.875,70,10,2.6785714285714284
35,71.05,70,10,1.499999999999996
36,62.514,70,10,-10.69428571428571
37,72.4,70,10,3.4285714285714364
38,70.009,70,10,0.012857142857143346
39,68.378,70,10,-2.3171428571428567
40,69.188,70,10,-1.1599999999999966
41,78.025,70,10,11.464285714285722
42,68.24,70,10,-2.514285714285722
43,76.556,70,10,9.365714285714281
44,67.045,70,10,-4.221428571428569
45,69.207,70,10,-1.1328571428571519
46,69.44,70,10,-0.8000000000000033
47,70.629,70,10,0.8985714285714356
48,70.378,70,10,0.5400000000000003
49,68.647,70,10,-1.9328571428571348
50,70.24,70,10,0.34285714285713553
51,69.307,70,10,-0.989999999999997
52,68.05,70,10,-2.7857142857142896
53,72.403,70,10,3.4328571428571513
54,70.985,70,10,1.4071428571428564
55,66.161,70,10,-5.484285714285712
56,73.845,70,10,5.492857142857141
57,67.43,70,10,-3.6714285714285615
58,68.188,70,10,-2.588571428571425
59,70.753,70,10,1.0757142857142858
60,69.889,70,10,-0.15857142857143458
61,72.329,70,10,3.327142857142848
62,77.823,70,10,11.175714285714276
63,69.225,70,10,-1.1071428571428652
64,68.32,70,10,-2.4000000000000097
65,79.58,70,10,13.685714285714285
66,76.004,70,10,8.577142857142864
67,70.411,70,10,0.5871428571428591
68,71.3,70,10,1.857142857142853
69,66.812,70,10,-4.554285714285718
70,69.629,70,10,-0.5299999999999929
71,69.43,70,10,-0.8142857142857045
72,66.225,70,10,-5.392857142857151
73,70.24,70,10,0.34285714285713553
74,68,70,10,-2.857142857142857
75,69.003,70,10,-1.424285714285714
76,70.025,70,10,0.03571428571429384
77,68.47,70,10,-2.1857142857142873
78,69.432,70,10,-0.8114285714285683
79,66.918,70,10,-4.402857142857134
80,69.866,70,10,-0.1914285714285719
81,63.516,70,10,-9.262857142857145
82,71.009,70,10,1.441428571428572
83,68.475,70,10,-2.178571428571437
84,72.486,70,10,3.551428571428578
85,68.462,70,10,-2.197142857142852
86,69.602,70,10,-0.5685714285714231
87,67.432,70,10,-3.668571428571425
88,69.2,70,10,-1.1428571428571388
89,66.225,70,10,-5.392857142857151
90,74.68,70,10,6.685714285714295
91,64.853,70,10,-7.352857142857151
92,75.229,70,10,7.469999999999999
93,71.025,70,10,1.4642857142857224
94,80.604,70,10,15.148571428571428
95,70.512,70,10,0.7314285714285721
96,67.722,70,10,-3.254285714285723
97,75.862,70,10,8.374285714285707
98,72.812,70,10,4.017142857142854
99,67.6,70,10,-3.4285714285714364
100,70.537,70,10,0.7671428571428659
1,98.622,100,10,-1.3780000000000001
2,99.335,100,10,-0.6650000000000063
3,100.267,100,10,0.2669999999999959
4,105.9,100,10,5.900000000000006
5,97.164,100,10,-2.8359999999999985
6,98.02,100,10,-1.980000000000004
7,93.045,100,10,-6.954999999999998
8,100.802,100,10,0.8020000000000067
9,95.392,100,10,-4.608000000000004
10,99.248,100,10,-0.7519999999999953
11,100.29,100,10,0.29000000000000625
12,98.248,100,10,-1.7519999999999953
13,90.152,100,10,-9.847999999999999
14,103.075,100,10,3.075000000000003
15,96.769,100,10,-3.230999999999994
16,101.017,100,10,1.016999999999996
17,104.02,100,10,4.019999999999996
18,99.474,100,10,-0.5259999999999962
19,102.063,100,10,2.0630000000000024
20,101.941,100,10,1.9410000000000025
21,94.161,100,10,-5.838999999999999
22,102.02,100,10,2.019999999999996
23,97.9,100,10,-2.0999999999999943
24,101.941,100,10,1.9410000000000025
25,103.067,100,10,3.066999999999993
26,99.329,100,10,-0.6710000000000065
27,97.15,100,10,-2.8499999999999943
28,100.484,100,10,0.48399999999999466
29,94.431,100,10,-5.569000000000003
30,99.782,100,10,-0.21800000000000352
31,100.207,100,10,0.20699999999999363
32,101.063,100,10,1.0630000000000024
33,102.336,100,10,2.3359999999999985
34,105.938,100,10,5.938000000000002
35,105.8,100,10,5.799999999999997
36,101.122,100,10,1.1219999999999999
37,93.673,100,10,-6.326999999999998
38,104.1,100,10,4.099999999999994
39,102.484,100,10,2.4839999999999947
40,98.418,100,10,-1.5819999999999934
41,101.802,100,10,1.8020000000000067
42,93.042,100,10,-6.957999999999999
43,96.925,100,10,-3.075000000000003
44,102.628,100,10,2.628
45,100.769,100,10,0.7690000000000055
46,100.769,100,10,0.7690000000000055
47,105.938,100,10,5.938000000000002
48,102.088,100,10,2.087999999999994
49,95.716,100,10,-4.284000000000006
50,100.419,100,10,0.4189999999999969
51,100.576,100,10,0.5759999999999934
52,100.29,100,10,0.29000000000000625
53,101.075,100,10,1.0750000000000028
54,99.502,100,10,-0.49800000000000466
55,99.266,100,10,-0.7339999999999947
56,99.716,100,10,-0.284000000000006
57,106.588,100,10,6.587999999999994
58,96.616,100,10,-3.3840000000000003
59,93.7,100,10,-6.299999999999997
60,98.219,100,10,-1.781000000000006
61,103.776,100,10,3.7759999999999962
62,103.075,100,10,3.075000000000003
63,101.86,100,10,1.8599999999999994
64,100.938,100,10,0.9380000000000024
65,97.722,100,10,-2.278000000000006
66,102.4,100,10,2.4000000000000057
67,95.592,100,10,-4.408000000000001
68,100,100,10,0
69,95.602,100,10,-4.397999999999996
70,101.028,100,10,1.0280000000000058
71,101.2,100,10,1.2000000000000028
72,94.431,100,10,-5.569000000000003
73,96.009,100,10,-3.990999999999999
74,96.169,100,10,-3.831000000000003
75,104.571,100,10,4.570999999999998
76,102.633,100,10,2.6329999999999956
77,97.593,100,10,-2.4069999999999965
78,103.615,100,10,3.6149999999999944
79,106.473,100,10,6.473
80,98.75,100,10,-1.25
81,100.063,100,10,0.06300000000000239
82,102.2,100,10,2.200000000000003
83,106.571,100,10,6.570999999999998
84,96.267,100,10,-3.7330000000000045
85,100.645,100,10,0.644999999999996
86,98.335,100,10,-1.6650000000000065
87,98.202,100,10,-1.7980000000000016
88,100.009,100,10,0.009000000000000341
89,99.017,100,10,-0.983000000000004
90,99.484,100,10,-0.5160000000000053
91,102.498,100,10,2.4980000000000047
92,96.8,100,10,-3.200000000000003
93,100.225,100,10,0.22499999999999432
94,89.313,100,10,-10.686999999999998
95,95.512,100,10,-4.4879999999999995
96,105.628,100,10,5.628
97,98.445,100,10,-1.5550000000000068
98,100.236,100,10,0.2360000000000042
99,107.902,100,10,7.902000000000001
100,95.2,100,10,-4.799999999999997
1,10,10,15,0
2,10.933,10,15,9.329999999999998
3,9,10,15,-10
4,10.933,10,15,9.329999999999998
5,10,10,15,0
6,10,10,15,0
7,10,10,15,0
8,10.467,10,15,4.670000000000005
9,10.933,10,15,9.329999999999998
10,10.467,10,15,4.670000000000005
11,10,10,15,0
12,10,10,15,0
13,10,10,15,0
14,10,10,15,0
15,10,10,15,0
16,10.933,10,15,9.329999999999998
17,10.933,10,15,9.329999999999998
18,10,10,15,0
19,10.467,10,15,4.670000000000005
20,10,10,15,0
21,10,10,15,0
22,10,10,15,0
23,10.467,10,15,4.670000000000005
24,10,10,15,0
25,10.933,10,15,9.329999999999998
26,10,10,15,0
27,10,10,15,0
28,10,10,15,0
29,9,10,15,-10
30,10.233,10,15,2.3300000000000054
31,10,10,15,0
32,9,10,15,-10
33,10.467,10,15,4.670000000000005
34,14.2,10,15,41.99999999999999
35,10.467,10,15,4.670000000000005
36,10,10,15,0
37,10,10,15,0
38,10,10,15,0
39,10.467,10,15,4.670000000000005
40,9,10,15,-10
41,10,10,15,0
42,10,10,15,0
43,10.233,10,15,2.3300000000000054
44,9,10,15,-10
45,9,10,15,-10
46,9.233,10,15,-7.669999999999995
47,10.933,10,15,9.329999999999998
48,10,10,15,0
49,10.467,10,15,4.670000000000005
50,10.233,10,15,2.3300000000000054
51,10,10,15,0
52,10.233,10,15,2.3300000000000054
53,10,10,15,0
54,10,10,15,0
55,11.867,10,15,18.67000000000001
56,10,10,15,0
57,10,10,15,0
58,10,10,15,0
59,10,10,15,0
60,10,10,15,0
61,10,10,15,0
62,10,10,15,0
63,10,10,15,0
64,10,10,15,0
65,10,10,15,0
66,10,10,15,0
67,10.933,10,15,9.329999999999998
68,10,10,15,0
69,10.233,10,15,2.3300000000000054
70,10,10,15,0
71,10,10,15,0
72,10,10,15,0
73,10,10,15,0
74,19.333,10,15,93.32999999999998
75,10.622,10,15,6.219999999999999
76,10.933,10,15,9.329999999999998
77,10.233,10,15,2.3300000000000054
78,9,10,15,-10
79,10.467,10,15,4.670000000000005
80,10,10,15,0
81,10.233,10,15,2.3300000000000054
82,9.467,10,15,-5.329999999999995
83,9,10,15,-10
84,10,10,15,0
85,10.156,10,15,1.5600000000000058
86,10,10,15,0
87,10.233,10,15,2.3300000000000054
88,11.867,10,15,18.67000000000001
89,10.467,10,15,4.670000000000005
90,10,10,15,0
91,10,10,15,0
92,10.467,10,15,4.670000000000005
93,10,10,15,0
94,10.933,10,15,9.329999999999998
95,10,10,15,0
96,10.933,10,15,9.329999999999998
97,10,10,15,0
98,10,10,15,0
99,10.467,10,15,4.670000000000005
100,11.867,10,15,18.67000000000001
1,44.2,40,15,10.500000000000007
2,40.067,40,15,0.16750000000000043
3,40.467,40,15,1.1674999999999969
4,41.4,40,15,3.499999999999996
5,40.207,40,15,0.5175000000000018
6,40.093,40,15,0.23250000000000884
7,40.311,40,15,0.7774999999999999
8,39.4,40,15,-1.5000000000000036
9,39.233,40,15,-1.9175000000000073
10,40.6,40,15,1.5000000000000036
11,38.078,40,15,-4.804999999999993
12,39.233,40,15,-1.9175000000000073
13,40.233,40,15,0.5824999999999925
14,41.493,40,15,3.7325000000000053
15,39.467,40,15,-1.3325000000000031
16,39,40,15,-2.5
17,40.6,40,15,1.5000000000000036
18,38.493,40,15,-3.7674999999999943
19,40.493,40,15,1.2325000000000053
20,40.867,40,15,2.1674999999999933
21,40.05,40,15,0.1249999999999929
22,40.042,40,15,0.10500000000000398
23,38.311,40,15,-4.2225
24,40.4,40,15,0.9999999999999963
25,40,40,15,0
26,40.244,40,15,0.6099999999999994
27,40.093,40,15,0.23250000000000884
28,38.622,40,15,-3.4450000000000003
29,39.493,40,15,-1.2674999999999947
30,41.458,40,15,3.644999999999996
31,49.956,40,15,24.890000000000008
32,40.622,40,15,1.5549999999999997
33,42.489,40,15,6.222499999999993
34,39.373,40,15,-1.5675000000000061
35,37.233,40,15,-6.917500000000007
36,44.6,40,15,11.500000000000004
37,39.233,40,15,-1.9175000000000073
38,40.6,40,15,1.5000000000000036
39,39.156,40,15,-2.110000000000003
40,43.889,40,15,9.722500000000007
41,40.84,40,15,2.1000000000000085
42,40.311,40,15,0.7774999999999999
43,39.6,40,15,-0.9999999999999963
44,41.867,40,15,4.667499999999993
45,39.067,40,15,-2.3324999999999996
46,40.83,40,15,2.0749999999999957
47,39.067,40,15,-2.3324999999999996
48,39,40,15,-2.5
49,39,40,15,-2.5
50,39.233,40,15,-1.9175000000000073
51,41.867,40,15,4.667499999999993
52,38,40,15,-5
53,41.489,40,15,3.722499999999993
54,42.36,40,15,5.899999999999999
55,40.84,40,15,2.1000000000000085
56,41.1,40,15,2.7500000000000036
57,38.6,40,15,-3.499999999999996
58,38.467,40,15,-3.832500000000003
59,40.187,40,15,0.46749999999999403
60,40.093,40,15,0.23250000000000884
61,40.093,40,15,0.23250000000000884
62,39.078,40,15,-2.3049999999999926
63,42.333,40,15,5.832499999999996
64,39.093,40,15,-2.267499999999991
65,39.117,40,15,-2.2075000000000067
66,39,40,15,-2.5
67,40.078,40,15,0.1950000000000074
68,39.933,40,15,-0.16750000000000043
69,42.1,40,15,5.2500000000000036
70,40.067,40,15,0.16750000000000043
71,39.052,40,15,-2.370000000000001
72,41.05,40,15,2.624999999999993
73,40.373,40,15,0.9324999999999939
74,40.867,40,15,2.1674999999999933
75,39,40,15,-2.5
76,48.956,40,15,22.390000000000008
77,41.4,40,15,3.499999999999996
78,38.373,40,15,-4.067500000000006
79,41.4,40,15,3.499999999999996
80,40.667,40,15,1.667500000000004
81,41.067,40,15,2.6675000000000004
82,39.311,40,15,-1.7225000000000001
83,41.867,40,15,4.667499999999993
84,39.078,40,15,-2.3049999999999926
85,39.7,40,15,-0.7499999999999929
86,42.1,40,15,5.2500000000000036
87,38.311,40,15,-4.2225
88,39.117,40,15,-2.2075000000000067
89,39.207,40,15,-1.9824999999999982
90,39.311,40,15,-1.7225000000000001
91,40.493,40,15,1.2325000000000053
92,41.489,40,15,3.722499999999993
93,38.067,40,15,-4.8325
94,42.733,40,15,6.8324999999999925
95,41.489,40,15,3.722499999999993
96,40.622,40,15,1.5549999999999997
97,39.311,40,15,-1.7225000000000001
98,41.244,40,15,3.1099999999999994
99,42.333,40,15,5.832499999999996
100,40.233,40,15,0.5824999999999925
1,70.574,70,15,0.8199999999999973
2,67.933,70,15,-2.952857142857133
3,69.078,70,15,-1.3171428571428527
4,71.493,70,15,2.1328571428571355
5,69.42,70,15,-0.8285714285714261
6,70.933,70,15,1.3328571428571527
7,70.527,70,15,0.7528571428571443
8,70.833,70,15,1.1899999999999977
9,70.858,70,15,1.2257142857142915
10,69.042,70,15,-1.3685714285714263
11,70.323,70,15,0.46142857142856186
12,67.6,70,15,-3.4285714285714364
13,73.36,70,15,4.8
14,71.458,70,15,2.0828571428571405
15,69.679,70,15,-0.45857142857142563
16,67.267,70,15,-3.9042857142857197
17,69.679,70,15,-0.45857142857142563
18,69.458,70,15,-0.7742857142857166
19,69.039,70,15,-1.3728571428571408
20,69.323,70,15,-0.9671428571428667
21,72.079,70,15,2.969999999999991
22,68.747,70,15,-1.7900000000000003
23,69.058,70,15,-1.3457142857142759
24,72.78,70,15,3.971428571428573
25,78.858,70,15,12.65428571428572
26,69.297,70,15,-1.0042857142857184
27,70.493,70,15,0.7042857142857071
28,70.525,70,15,0.7500000000000081
29,67.467,70,15,-3.61857142857143
30,70.2,70,15,0.2857142857142898
31,70.12,70,15,0.17142857142857792
32,68.7,70,15,-1.857142857142853
33,70.4,70,15,0.5714285714285796
34,67.533,70,15,-3.5242857142857122
35,70.667,70,15,0.9528571428571451
36,68.679,70,15,-1.8871428571428543
37,69.833,70,15,-0.23857142857143082
38,69.867,70,15,-0.18999999999999367
39,69.1,70,15,-1.2857142857142938
40,69.679,70,15,-0.45857142857142563
41,67.467,70,15,-3.61857142857143
42,69.187,70,15,-1.1614285714285748
43,65.35,70,15,-6.64285714285715
44,69.458,70,15,-0.7742857142857166
45,70.167,70,15,0.23857142857143082
46,71.36,70,15,1.942857142857142
47,71.1,70,15,1.5714285714285632
48,68.83,70,15,-1.6714285714285737
49,71.061,70,15,1.5157142857142958
50,69.747,70,15,-0.36142857142857154
51,73.185,70,15,4.550000000000003
52,69.527,70,15,-0.6757142857142843
53,70.541,70,15,0.7728571428571384
54,69.889,70,15,-0.15857142857143458
55,70.733,70,15,1.047142857142863
56,71.4,70,15,2.000000000000008
57,67.525,70,15,-3.5357142857142776
58,70.42,70,15,0.6000000000000024
59,70.541,70,15,0.7728571428571384
60,69.467,70,15,-0.7614285714285732
61,73.3,70,15,4.714285714285711
62,69.078,70,15,-1.3171428571428527
63,67.622,70,15,-3.3971428571428577
64,70.541,70,15,0.7728571428571384
65,69.858,70,15,-0.20285714285713702
66,68.144,70,15,-2.6514285714285637
67,70.525,70,15,0.7500000000000081
68,70.458,70,15,0.654285714285712
69,64.83,70,15,-7.385714285714289
70,78.2,70,15,11.714285714285719
71,69.156,70,15,-1.2057142857142773
72,72.1,70,15,2.999999999999992
73,70.382,70,15,0.5457142857142928
74,69.28,70,15,-1.028571428571427
75,68.039,70,15,-2.8014285714285694
76,69.458,70,15,-0.7742857142857166
77,70.867,70,15,1.2385714285714349
78,71.541,70,15,2.201428571428567
79,66.267,70,15,-5.332857142857149
80,68.7,70,15,-1.857142857142853
81,70.525,70,15,0.7500000000000081
82,69.972,70,15,-0.040000000000008286
83,70.467,70,15,0.6671428571428554
84,70.067,70,15,0.0957142857142758
85,72.973,70,15,4.2471428571428556
86,68.167,70,15,-2.6185714285714266
87,68.292,70,15,-2.4399999999999977
88,70.715,70,15,1.0214285714285762
89,74.6,70,15,6.571428571428563
90,70.525,70,15,0.7500000000000081
91,67.244,70,15,-3.9371428571428577
92,69.039,70,15,-1.3728571428571408
93,70.031,70,15,0.04428571428572273
94,72.36,70,15,3.3714285714285706
95,68.83,70,15,-1.6714285714285737
96,72.333,70,15,3.332857142857141
97,70.067,70,15,0.0957142857142758
98,69.28,70,15,-1.028571428571427
99,67.933,70,15,-2.952857142857133
100,68.323,70,15,-2.3957142857142957
1,100.574,100,15,0.5739999999999981
2,104.667,100,15,4.667000000000002
3,97.393,100,15,-2.6069999999999993
4,96.4,100,15,-3.5999999999999943
5,99.572,100,15,-0.4279999999999973
6,101.908,100,15,1.9080000000000013
7,96.897,100,15,-3.1029999999999944
8,100.858,100,15,0.8580000000000041
9,99.988,100,15,-0.012000000000000455
10,100.715,100,15,0.7150000000000034
11,99.778,100,15,-0.2219999999999942
12,101.489,100,15,1.4890000000000043
13,101.633,100,15,1.6329999999999956
14,103.344,100,15,3.343999999999994
15,101.12,100,15,1.1200000000000045
16,101.15,100,15,1.1500000000000057
17,103.764,100,15,3.763999999999996
18,101.299,100,15,1.2990000000000066
19,98.622,100,15,-1.3780000000000001
20,100.764,100,15,0.7639999999999958
21,100.867,100,15,0.8670000000000044
22,102.745,100,15,2.7450000000000045
23,101.659,100,15,1.659000000000006
24,100.68,100,15,0.6800000000000068
25,97.429,100,15,-2.570999999999998
26,100.067,100,15,0.06699999999999307
27,103.889,100,15,3.888999999999996
28,97.884,100,15,-2.1159999999999997
29,99.429,100,15,-0.570999999999998
30,102.78,100,15,2.780000000000001
31,101.079,100,15,1.0789999999999935
32,100.59,100,15,0.5900000000000034
33,99.991,100,15,-0.009000000000000341
34,99.467,100,15,-0.5330000000000013
35,98.648,100,15,-1.3520000000000039
36,99.574,100,15,-0.4260000000000019
37,99.12,100,15,-0.8799999999999953
38,97.574,100,15,-2.426000000000002
39,99.908,100,15,-0.09199999999999875
40,97.83,100,15,-2.1700000000000017
41,95.12,100,15,-4.8799999999999955
42,98.4,100,15,-1.5999999999999945
43,98.972,100,15,-1.0280000000000058
44,101.706,100,15,1.706000000000003
45,99.323,100,15,-0.6770000000000067
46,101.7,100,15,1.7000000000000028
47,98.648,100,15,-1.3520000000000039
48,101.706,100,15,1.706000000000003
49,101.527,100,15,1.527000000000001
50,99.991,100,15,-0.009000000000000341
51,101.953,100,15,1.953000000000003
52,96.323,100,15,-3.6770000000000067
53,101.633,100,15,1.6329999999999956
54,101.906,100,15,1.906000000000006
55,102.456,100,15,2.456000000000003
56,98.991,100,15,-1.0090000000000003
57,100.489,100,15,0.4890000000000044
58,102.15,100,15,2.1500000000000057
59,98.12,100,15,-1.8799999999999955
60,99.362,100,15,-0.6380000000000052
61,99.262,100,15,-0.7379999999999995
62,99.524,100,15,-0.4759999999999991
63,103.667,100,15,3.6670000000000016
64,99.292,100,15,-0.7079999999999984
65,99.833,100,15,-0.1670000000000016
66,97.247,100,15,-2.753
67,103.242,100,15,3.2420000000000044
68,100.436,100,15,0.43600000000000705
69,98.292,100,15,-1.7079999999999984
70,98.68,100,15,-1.3199999999999932
71,102.833,100,15,2.8329999999999984
72,101.764,100,15,1.7639999999999958
73,102,100,15,2
74,102.745,100,15,2.7450000000000045
75,102.908,100,15,2.9080000000000013
76,99.362,100,15,-0.6380000000000052
77,102.908,100,15,2.9080000000000013
78,99.436,100,15,-0.563999999999993
79,100.52,100,15,0.519999999999996
80,107.858,100,15,7.858000000000004
81,99.12,100,15,-0.8799999999999953
82,101.906,100,15,1.906000000000006
83,98.648,100,15,-1.3520000000000039
84,103.667,100,15,3.6670000000000016
85,98.05,100,15,-1.9500000000000028
86,99.972,100,15,-0.028000000000005798
87,99.778,100,15,-0.2219999999999942
88,102.593,100,15,2.5930000000000035
89,100.3,100,15,0.29999999999999716
90,97.11,100,15,-2.8900000000000006
91,96.247,100,15,-3.753
92,101.633,100,15,1.6329999999999956
93,103.585,100,15,3.5849999999999937
94,105.274,100,15,5.274000000000001
95,99.68,100,15,-0.3199999999999932
96,98.833,100,15,-1.1670000000000016
97,97.867,100,15,-2.1329999999999956
98,104.706,100,15,4.706000000000003
99,99.729,100,15,-0.2710000000000008
100,99.05,100,15,-0.950000000000003
1,10,10,20,0
2,10.238,10,20,2.3799999999999955
3,10,10,20,0
4,10,10,20,0
5,10,10,20,0
6,10,10,20,0
7,10,10,20,0
8,9,10,20,-10
9,10,10,20,0
10,10,10,20,0
11,10,10,20,0
12,10,10,20,0
13,10,10,20,0
14,10,10,20,0
15,10,10,20,0
16,10.475,10,20,4.7499999999999964
17,10,10,20,0
18,10,10,20,0
19,10,10,20,0
20,10,10,20,0
21,10,10,20,0
22,10,10,20,0
23,10,10,20,0
24,10,10,20,0
25,10,10,20,0
26,10,10,20,0
27,10,10,20,0
28,10,10,20,0
29,8,10,20,-20
30,10.475,10,20,4.7499999999999964
31,10,10,20,0
32,10.475,10,20,4.7499999999999964
33,10.95,10,20,9.499999999999993
34,9,10,20,-10
35,10,10,20,0
36,10.475,10,20,4.7499999999999964
37,10,10,20,0
38,10,10,20,0
39,10,10,20,0
40,10,10,20,0
41,10,10,20,0
42,10,10,20,0
43,10,10,20,0
44,10,10,20,0
45,10,10,20,0
46,10.475,10,20,4.7499999999999964
47,10,10,20,0
48,10,10,20,0
49,11.9,10,20,19.000000000000004
50,10,10,20,0
51,10.475,10,20,4.7499999999999964
52,10,10,20,0
53,10,10,20,0
54,10,10,20,0
55,10,10,20,0
56,10,10,20,0
57,10,10,20,0
58,10,10,20,0
59,10,10,20,0
60,10,10,20,0
61,10,10,20,0
62,10,10,20,0
63,10.475,10,20,4.7499999999999964
64,10,10,20,0
65,10,10,20,0
66,10,10,20,0
67,10,10,20,0
68,10,10,20,0
69,10.475,10,20,4.7499999999999964
70,10,10,20,0
71,10,10,20,0
72,10,10,20,0
73,10,10,20,0
74,10,10,20,0
75,9,10,20,-10
76,10,10,20,0
77,10,10,20,0
78,10,10,20,0
79,10,10,20,0
80,10,10,20,0
81,10,10,20,0
82,9,10,20,-10
83,10,10,20,0
84,10,10,20,0
85,10,10,20,0
86,10,10,20,0
87,10,10,20,0
88,10,10,20,0
89,10,10,20,0
90,10,10,20,0
91,10,10,20,0
92,10,10,20,0
93,10,10,20,0
94,9,10,20,-10
95,10,10,20,0
96,10,10,20,0
97,10.475,10,20,4.7499999999999964
98,10,10,20,0
99,10.475,10,20,4.7499999999999964
100,10,10,20,0
1,41.425,40,20,3.562499999999993
2,40.158,40,20,0.3950000000000032
3,39.158,40,20,-2.104999999999997
4,40.633,40,20,1.582500000000007
5,40,40,20,0
6,41.9,40,20,4.7499999999999964
7,40.633,40,20,1.582500000000007
8,40.475,40,20,1.1875000000000036
9,40.95,40,20,2.375000000000007
10,41.425,40,20,3.562499999999993
11,40,40,20,0
12,40,40,20,0
13,42.533,40,20,6.332500000000003
14,40.475,40,20,1.1875000000000036
15,39.95,40,20,-0.1249999999999929
16,39,40,20,-2.5
17,40,40,20,0
18,40.633,40,20,1.582500000000007
19,40,40,20,0
20,40.475,40,20,1.1875000000000036
21,40.95,40,20,2.375000000000007
22,47.6,40,20,19.000000000000004
23,40,40,20,0
24,44.275,40,20,10.687499999999996
25,39,40,20,-2.5
26,40.158,40,20,0.3950000000000032
27,41.425,40,20,3.562499999999993
28,40.271,40,20,0.677500000000002
29,40.119,40,20,0.29749999999999943
30,40,40,20,0
31,40.119,40,20,0.29749999999999943
32,40,40,20,0
33,40,40,20,0
34,41.9,40,20,4.7499999999999964
35,40.475,40,20,1.1875000000000036
36,39.475,40,20,-1.3124999999999964
37,40,40,20,0
38,40,40,20,0
39,40.9,40,20,2.2499999999999964
40,40,40,20,0
41,42.138,40,20,5.344999999999995
42,40.95,40,20,2.375000000000007
43,44.275,40,20,10.687499999999996
44,40,40,20,0
45,38,40,20,-5
46,39.95,40,20,-0.1249999999999929
47,40,40,20,0
48,40,40,20,0
49,40.158,40,20,0.3950000000000032
50,39,40,20,-2.5
51,40.158,40,20,0.3950000000000032
52,40.119,40,20,0.29749999999999943
53,39,40,20,-2.5
54,39.475,40,20,-1.3124999999999964
55,39,40,20,-2.5
56,39.158,40,20,-2.104999999999997
57,41.9,40,20,4.7499999999999964
58,41.9,40,20,4.7499999999999964
59,40,40,20,0
60,40,40,20,0
61,40,40,20,0
62,39.95,40,20,-0.1249999999999929
63,40.95,40,20,2.375000000000007
64,45.7,40,20,14.250000000000007
65,40.095,40,20,0.23749999999999719
66,40.158,40,20,0.3950000000000032
67,40.237,40,20,0.5925000000000047
68,40.158,40,20,0.3950000000000032
69,40.95,40,20,2.375000000000007
70,40,40,20,0
71,40.237,40,20,0.5925000000000047
72,40.855,40,20,2.137499999999992
73,40.158,40,20,0.3950000000000032
74,40.475,40,20,1.1875000000000036
75,40.119,40,20,0.29749999999999943
76,40.119,40,20,0.29749999999999943
77,44.275,40,20,10.687499999999996
78,39.237,40,20,-1.9074999999999953
79,41.425,40,20,3.562499999999993
80,41.9,40,20,4.7499999999999964
81,40.237,40,20,0.5925000000000047
82,39,40,20,-2.5
83,40.237,40,20,0.5925000000000047
84,40.068,40,20,0.1699999999999946
85,42.138,40,20,5.344999999999995
86,40,40,20,0
87,39.237,40,20,-1.9074999999999953
88,40.633,40,20,1.582500000000007
89,39.158,40,20,-2.104999999999997
90,40.425,40,20,1.062499999999993
91,40.633,40,20,1.582500000000007
92,40,40,20,0
93,40.158,40,20,0.3950000000000032
94,40.38,40,20,0.9500000000000064
95,40,40,20,0
96,40.158,40,20,0.3950000000000032
97,40.712,40,20,1.7800000000000082
98,39.633,40,20,-0.9174999999999933
99,40,40,20,0
100,39.95,40,20,-0.1249999999999929
1,69.855,70,20,-0.20714285714285144
2,70.238,70,20,0.3399999999999993
3,74.655,70,20,6.650000000000002
4,70.38,70,20,0.5428571428571364
5,69.713,70,20,-0.4100000000000088
6,68,70,20,-2.857142857142857
7,69.475,70,20,-0.7500000000000081
8,71.069,70,20,1.527142857142861
9,71.42,70,20,2.028571428571431
10,70.713,70,20,1.0185714285714198
11,72.533,70,20,3.61857142857143
12,70,70,20,0
13,70.158,70,20,0.2257142857142875
14,71.9,70,20,2.7142857142857224
15,70.158,70,20,0.2257142857142875
16,72.138,70,20,3.054285714285722
17,73.8,70,20,5.428571428571424
18,69.633,70,20,-0.5242857142857206
19,70,70,20,0
20,70.38,70,20,0.5428571428571364
21,71.086,70,20,1.5514285714285694
22,69.271,70,20,-1.0414285714285703
23,77.6,70,20,10.857142857142849
24,70.475,70,20,0.6785714285714205
25,69.611,70,20,-0.5557142857142797
26,69.211,70,20,-1.1271428571428592
27,69.633,70,20,-0.5242857142857206
28,70.119,70,20,0.16999999999999965
29,70.38,70,20,0.5428571428571364
30,69.068,70,20,-1.3314285714285745
31,69.079,70,20,-1.3157142857142952
32,69,70,20,-1.4285714285714286
33,69.95,70,20,-0.07142857142856737
34,70.855,70,20,1.221428571428577
35,70.271,70,20,0.3871428571428583
36,68,70,20,-2.857142857142857
37,70.855,70,20,1.221428571428577
38,71.9,70,20,2.7142857142857224
39,69.095,70,20,-1.2928571428571445
40,70.713,70,20,1.0185714285714198
41,71.9,70,20,2.7142857142857224
42,70.271,70,20,0.3871428571428583
43,70,70,20,0
44,69.475,70,20,-0.7500000000000081
45,70.059,70,20,0.08428571428571072
46,72.958,70,20,4.225714285714283
47,72.969,70,20,4.241428571428562
48,70.271,70,20,0.3871428571428583
49,70.713,70,20,1.0185714285714198
50,70,70,20,0
51,70.267,70,20,0.3814285714285656
52,69.119,70,20,-1.258571428571429
53,70.475,70,20,0.6785714285714205
54,71.086,70,20,1.5514285714285694
55,70.119,70,20,0.16999999999999965
56,70,70,20,0
57,69.095,70,20,-1.2928571428571445
58,72.138,70,20,3.054285714285722
59,72.969,70,20,4.241428571428562
60,70.059,70,20,0.08428571428571072
61,70.534,70,20,0.7628571428571514
62,70.855,70,20,1.221428571428577
63,70.059,70,20,0.08428571428571072
64,70.633,70,20,0.904285714285708
65,70.475,70,20,0.6785714285714205
66,70.068,70,20,0.09714285714285405
67,69.119,70,20,-1.258571428571429
68,70.9,70,20,1.2857142857142938
69,70.95,70,20,1.3571428571428612
70,71.969,70,20,2.8128571428571343
71,70.095,70,20,0.1357142857142841
72,70.38,70,20,0.5428571428571364
73,70,70,20,0
74,69.633,70,20,-0.5242857142857206
75,70.475,70,20,0.6785714285714205
76,70.095,70,20,0.1357142857142841
77,71.52,70,20,2.171428571428566
78,70.317,70,20,0.45285714285713297
79,70.068,70,20,0.09714285714285405
80,69.158,70,20,-1.202857142857141
81,69.095,70,20,-1.2928571428571445
82,70.271,70,20,0.3871428571428583
83,69,70,20,-1.4285714285714286
84,70.238,70,20,0.3399999999999993
85,70.475,70,20,0.6785714285714205
86,70.053,70,20,0.0757142857142818
87,70.475,70,20,0.6785714285714205
88,70.119,70,20,0.16999999999999965
89,69,70,20,-1.4285714285714286
90,70.855,70,20,1.221428571428577
91,70.119,70,20,0.16999999999999965
92,71.425,70,20,2.0357142857142816
93,70.119,70,20,0.16999999999999965
94,70.059,70,20,0.08428571428571072
95,71.08,70,20,1.5428571428571405
96,71.52,70,20,2.171428571428566
97,69.095,70,20,-1.2928571428571445
98,69.238,70,20,-1.0885714285714292
99,69.71,70,20,-0.4142857142857232
100,71.138,70,20,1.6257142857142932
1,99,100,20,-1
2,100.38,100,20,0.37999999999999545
3,100,100,20,0
4,100.048,100,20,0.04800000000000182
5,99.475,100,20,-0.5250000000000057
6,101.375,100,20,1.375
7,99.238,100,20,-0.7620000000000005
8,100.271,100,20,0.2710000000000008
9,100.713,100,20,0.7129999999999939
10,100.095,100,20,0.09499999999999886
11,100.317,100,20,0.31699999999999307
12,100.475,100,20,0.47499999999999437
13,100,100,20,0
14,101.9,100,20,1.900000000000006
15,99.844,100,20,-0.1560000000000059
16,100.691,100,20,0.6910000000000025
17,98.271,100,20,-1.7289999999999992
18,99.475,100,20,-0.5250000000000057
19,99.713,100,20,-0.28700000000000614
20,102.375,100,20,2.375
21,100.427,100,20,0.4270000000000067
22,100.844,100,20,0.8439999999999941
23,101.52,100,20,1.519999999999996
24,99.611,100,20,-0.3889999999999958
25,100.534,100,20,0.534000000000006
26,100.267,100,20,0.2669999999999959
27,102.116,100,20,2.1159999999999997
28,98.211,100,20,-1.7890000000000013
29,100.611,100,20,0.6110000000000042
30,99.238,100,20,-0.7620000000000005
31,98.95,100,20,-1.0499999999999972
32,98.053,100,20,-1.947000000000003
33,100.534,100,20,0.534000000000006
34,100.238,100,20,0.23799999999999955
35,102.909,100,20,2.909000000000006
36,99.475,100,20,-0.5250000000000057
37,100.855,100,20,0.855000000000004
38,99.611,100,20,-0.3889999999999958
39,100.713,100,20,0.7129999999999939
40,100.068,100,20,0.06799999999999784
41,100.611,100,20,0.6110000000000042
42,101.9,100,20,1.900000000000006
43,98.611,100,20,-1.3889999999999958
44,99,100,20,-1
45,99.95,100,20,-0.04999999999999716
46,99,100,20,-1
47,99.844,100,20,-0.1560000000000059
48,99.611,100,20,-0.3889999999999958
49,99,100,20,-1
50,100.475,100,20,0.47499999999999437
51,99,100,20,-1
52,99,100,20,-1
53,101.484,100,20,1.4839999999999947
54,100.475,100,20,0.47499999999999437
55,100.267,100,20,0.2669999999999959
56,100.043,100,20,0.043000000000006366
57,98,100,20,-2
58,100.844,100,20,0.8439999999999941
59,98.238,100,20,-1.7620000000000005
60,99.38,100,20,-0.6200000000000045
61,100.713,100,20,0.7129999999999939
62,99.211,100,20,-0.7890000000000015
63,99,100,20,-1
64,99.633,100,20,-0.36700000000000443
65,99.611,100,20,-0.3889999999999958
66,100.855,100,20,0.855000000000004
67,100.317,100,20,0.31699999999999307
68,99.95,100,20,-0.04999999999999716
69,100.443,100,20,0.44299999999999784
70,101.267,100,20,1.266999999999996
71,100.238,100,20,0.23799999999999955
72,101.52,100,20,1.519999999999996
73,98.713,100,20,-1.2870000000000061
74,107.695,100,20,7.694999999999993
75,99.238,100,20,-0.7620000000000005
76,101.586,100,20,1.5859999999999985
77,102.909,100,20,2.909000000000006
78,101.9,100,20,1.900000000000006
79,98.238,100,20,-1.7620000000000005
80,99.068,100,20,-0.932000000000002
81,100.484,100,20,0.48399999999999466
82,100.713,100,20,0.7129999999999939
83,98.238,100,20,-1.7620000000000005
84,99.271,100,20,-0.7289999999999992
85,100.317,100,20,0.31699999999999307
86,99.238,100,20,-0.7620000000000005
87,101.375,100,20,1.375
88,100.475,100,20,0.47499999999999437
89,99.119,100,20,-0.8810000000000002
90,99.534,100,20,-0.4659999999999939
91,100.053,100,20,0.05299999999999728
92,100.086,100,20,0.08599999999999852
93,100.271,100,20,0.2710000000000008
94,101.9,100,20,1.900000000000006
95,101.9,100,20,1.900000000000006
96,99.713,100,20,-0.28700000000000614
97,101.315,100,20,1.3149999999999977
98,100.069,100,20,0.06900000000000261
99,100.158,100,20,0.15800000000000125
100,101.42,100,20,1.4200000000000017
1,10,10,100,0
2,10,10,100,0
3,10,10,100,0
4,10,10,100,0
5,10,10,100,0
6,10,10,100,0
7,10,10,100,0
8,10,10,100,0
9,10,10,100,0
10,10,10,100,0
11,10,10,100,0
12,10,10,100,0
13,10,10,100,0
14,10,10,100,0
15,10,10,100,0
16,10,10,100,0
17,10,10,100,0
18,10,10,100,0
19,10,10,100,0
20,10,10,100,0
21,10,10,100,0
22,10,10,100,0
23,10,10,100,0
24,10,10,100,0
25,10,10,100,0
26,10,10,100,0
27,10,10,100,0
28,10,10,100,0
29,10,10,100,0
30,10,10,100,0
31,10,10,100,0
32,10,10,100,0
33,10,10,100,0
34,10,10,100,0
35,10,10,100,0
36,10,10,100,0
37,10,10,100,0
38,10,10,100,0
39,10,10,100,0
40,10,10,100,0
41,10,10,100,0
42,10,10,100,0
43,10,10,100,0
44,10,10,100,0
45,10,10,100,0
46,10,10,100,0
47,10,10,100,0
48,10,10,100,0
49,10,10,100,0
50,10,10,100,0
51,10,10,100,0
52,10,10,100,0
53,10,10,100,0
54,10,10,100,0
55,10,10,100,0
56,10,10,100,0
57,10,10,100,0
58,10,10,100,0
59,10,10,100,0
60,10,10,100,0
61,10,10,100,0
62,10,10,100,0
63,10,10,100,0
64,10,10,100,0
65,10,10,100,0
66,10,10,100,0
67,10,10,100,0
68,10,10,100,0
69,10,10,100,0
70,10,10,100,0
71,10,10,100,0
72,10,10,100,0
73,10,10,100,0
74,10,10,100,0
75,10,10,100,0
76,10,10,100,0
77,10,10,100,0
78,10,10,100,0
79,10,10,100,0
80,10,10,100,0
81,10,10,100,0
82,10,10,100,0
83,10,10,100,0
84,10,10,100,0
85,10,10,100,0
86,10,10,100,0
87,10,10,100,0
88,10,10,100,0
89,10,10,100,0
90,10,10,100,0
91,10,10,100,0
92,10,10,100,0
93,10,10,100,0
94,10,10,100,0
95,10,10,100,0
96,10,10,100,0
97,10,10,100,0
98,10,10,100,0
99,10,10,100,0
100,10,10,100,0
1,40,40,100,0
2,40,40,100,0
3,40,40,100,0
4,40,40,100,0
5,40,40,100,0
6,40,40,100,0
7,40,40,100,0
8,40,40,100,0
9,40,40,100,0
10,40,40,100,0
11,40,40,100,0
12,40,40,100,0
13,40,40,100,0
14,40,40,100,0
15,40,40,100,0
16,40,40,100,0
17,40,40,100,0
18,40,40,100,0
19,40,40,100,0
20,40,40,100,0
21,40,40,100,0
22,40,40,100,0
23,40,40,100,0
24,40,40,100,0
25,40,40,100,0
26,40,40,100,0
27,40,40,100,0
28,40,40,100,0
29,40,40,100,0
30,40,40,100,0
31,40,40,100,0
32,40,40,100,0
33,40,40,100,0
34,40,40,100,0
35,40,40,100,0
36,40,40,100,0
37,40,40,100,0
38,40,40,100,0
39,40,40,100,0
40,40,40,100,0
41,40,40,100,0
42,40,40,100,0
43,40,40,100,0
44,40,40,100,0
45,40,40,100,0
46,40,40,100,0
47,40,40,100,0
48,40,40,100,0
49,40,40,100,0
50,40,40,100,0
51,40,40,100,0
52,40,40,100,0
53,40,40,100,0
54,40,40,100,0
55,40,40,100,0
56,40,40,100,0
57,40,40,100,0
58,40,40,100,0
59,40,40,100,0
60,40,40,100,0
61,40,40,100,0
62,40,40,100,0
63,40,40,100,0
64,40,40,100,0
65,40,40,100,0
66,40,40,100,0
67,40,40,100,0
68,40,40,100,0
69,40,40,100,0
70,40,40,100,0
71,40,40,100,0
72,40,40,100,0
73,40,40,100,0
74,40,40,100,0
75,40,40,100,0
76,40,40,100,0
77,40,40,100,0
78,40,40,100,0
79,40,40,100,0
80,40,40,100,0
81,40,40,100,0
82,40,40,100,0
83,40,40,100,0
84,40,40,100,0
85,40,40,100,0
86,40,40,100,0
87,40,40,100,0
88,40,40,100,0
89,40,40,100,0
90,40,40,100,0
91,40,40,100,0
92,40,40,100,0
93,40,40,100,0
94,40,40,100,0
95,40,40,100,0
96,40,40,100,0
97,40,40,100,0
98,40,40,100,0
99,40,40,100,0
100,40,40,100,0
1,70,70,100,0
2,70,70,100,0
3,70,70,100,0
4,70,70,100,0
5,70,70,100,0
6,70,70,100,0
7,70,70,100,0
8,70,70,100,0
9,70,70,100,0
10,70,70,100,0
11,70,70,100,0
12,70,70,100,0
13,70,70,100,0
14,70,70,100,0
15,70,70,100,0
16,70,70,100,0
17,70,70,100,0
18,70,70,100,0
19,70,70,100,0
20,70,70,100,0
21,70,70,100,0
22,70,70,100,0
23,70,70,100,0
24,70,70,100,0
25,70,70,100,0
26,70,70,100,0
27,70,70,100,0
28,70,70,100,0
29,70,70,100,0
30,70,70,100,0
31,70,70,100,0
32,70,70,100,0
33,70,70,100,0
34,70,70,100,0
35,70,70,100,0
36,70,70,100,0
37,70,70,100,0
38,70,70,100,0
39,70,70,100,0
40,70,70,100,0
41,70,70,100,0
42,70,70,100,0
43,70,70,100,0
44,70,70,100,0
45,70,70,100,0
46,70,70,100,0
47,70,70,100,0
48,70,70,100,0
49,70,70,100,0
50,70,70,100,0
51,70,70,100,0
52,70,70,100,0
53,70,70,100,0
54,70,70,100,0
55,70,70,100,0
56,70,70,100,0
57,70,70,100,0
58,70,70,100,0
59,70,70,100,0
60,70,70,100,0
61,70,70,100,0
62,70,70,100,0
63,70,70,100,0
64,70,70,100,0
65,70,70,100,0
66,70,70,100,0
67,70,70,100,0
68,70,70,100,0
69,70,70,100,0
70,70,70,100,0
71,70,70,100,0
72,70,70,100,0
73,70,70,100,0
74,70,70,100,0
75,70,70,100,0
76,70,70,100,0
77,70,70,100,0
78,70,70,100,0
79,70,70,100,0
80,70,70,100,0
81,70,70,100,0
82,70,70,100,0
83,70,70,100,0
84,70,70,100,0
85,70,70,100,0
86,70,70,100,0
87,70,70,100,0
88,70,70,100,0
89,70,70,100,0
90,70,70,100,0
91,70,70,100,0
92,70,70,100,0
93,70,70,100,0
94,70,70,100,0
95,70,70,100,0
96,70,70,100,0
97,70,70,100,0
98,70,70,100,0
99,70,70,100,0
100,70,70,100,0
1,100,100,100,0
2,100,100,100,0
3,100,100,100,0
4,100,100,100,0
5,100,100,100,0
6,100,100,100,0
7,100,100,100,0
8,100,100,100,0
9,100,100,100,0
10,100,100,100,0
11,100,100,100,0
12,100,100,100,0
13,100,100,100,0
14,100,100,100,0
15,100,100,100,0
16,100,100,100,0
17,100,100,100,0
18,100,100,100,0
19,100,100,100,0
20,100,100,100,0
21,100,100,100,0
22,100,100,100,0
23,100,100,100,0
24,100,100,100,0
25,100,100,100,0
26,100,100,100,0
27,100,100,100,0
28,100,100,100,0
29,100,100,100,0
30,100,100,100,0
31,100,100,100,0
32,100,100,100,0
33,100,100,100,0
34,100,100,100,0
35,100,100,100,0
36,100,100,100,0
37,100,100,100,0
38,100,100,100,0
39,100,100,100,0
40,100,100,100,0
41,100,100,100,0
42,100,100,100,0
43,100,100,100,0
44,100,100,100,0
45,100,100,100,0
46,100,100,100,0
47,100,100,100,0
48,100,100,100,0
49,100,100,100,0
50,100,100,100,0
51,100,100,100,0
52,100,100,100,0
53,100,100,100,0
54,100,100,100,0
55,100,100,100,0
56,100,100,100,0
57,100,100,100,0
58,100,100,100,0
59,100,100,100,0
60,100,100,100,0
61,100,100,100,0
62,100,100,100,0
63,100,100,100,0
64,100,100,100,0
65,100,100,100,0
66,100,100,100,0
67,100,100,100,0
68,100,100,100,0
69,100,100,100,0
70,100,100,100,0
71,100,100,100,0
72,100,100,100,0
73,100,100,100,0
74,100,100,100,0
75,100,100,100,0
76,100,100,100,0
77,100,100,100,0
78,100,100,100,0
79,100,100,100,0
80,100,100,100,0
81,100,100,100,0
82,100,100,100,0
83,100,100,100,0
84,100,100,100,0
85,100,100,100,0
86,100,100,100,0
87,100,100,100,0
88,100,100,100,0
89,100,100,100,0
90,100,100,100,0
91,100,100,100,0
92,100,100,100,0
93,100,100,100,0
94,100,100,100,0
95,100,100,100,0
96,100,100,100,0
97,100,100,100,0
98,100,100,100,0
99,100,100,100,0
100,100,100,100,0
